{
  "project_info": {
    "project_number": "712272265669",
    "firebase_url": "https://chatapp-75adc.firebaseio.com",
    "project_id": "chatapp-75adc",
    "storage_bucket": "chatapp-75adc.appspot.com"
  },
  "client": [
    {
      "client_info": {
        "mobilesdk_app_id": "1:712272265669:android:289b7ecdb86fae7c",
        "android_client_info": {
          "package_name": "com.example.ryan.chatapp"
        }
      },
      "oauth_client": [
        {
          "client_id": "712272265669-77tkl1kr5kpa897e9psbk8n5uf0vpt77.apps.googleusercontent.com",
          "client_type": 1,
          "android_info": {
            "package_name": "com.example.ryan.chatapp",
            "certificate_hash": "0673cd5581618c010d4631d21b755f8487661f1e"
          }
        },
        {
          "client_id": "712272265669-0gqvknodbpeut8oslf3etq2i93a4o5qn.apps.googleusercontent.com",
          "client_type": 3
        }
      ],
      "api_key": [
        {
          "current_key": "AIzaSyDHpzYAEeT94z4d4dPOa0zFVU4apG8tVeU"
        }
      ],
      "services": {
        "analytics_service": {
          "status": 1
        },
        "appinvite_service": {
          "status": 2,
          "other_platform_oauth_client": [
            {
              "client_id": "712272265669-0gqvknodbpeut8oslf3etq2i93a4o5qn.apps.googleusercontent.com",
              "client_type": 3
            }
          ]
        },
        "ads_service": {
          "status": 2
        }
      }
    }
  ],
  "configuration_version": "1"
}